{
  "Images/icons/holidays.png": 1700672514000,
  "controller/admin.controller.js": 1701366650000,
  "model/models.js": 1697201092000,
  "model/formatter.js": 1697478584000,
  "controller/reportschart.controller.js": 1698323874000,
  "controller/reports.controller.js": 1703093726000,
  "controller/myplans.controller.js": 1697648986000,
  "controller/myEntries.controller.js": 1704898044000,
  "controller/myEntries.controller copy.js": 1699294240000,
  "controller/leave.controller.js": 1704898308000,
  "controller/leave.controller copy.js": 1698756242000,
  "controller/calendar.controller.js": 1703096578000,
  "controller/calendar.controller copy.js": 1699037828000,
  "manifest.json": 1705052226089,
  "controller/EmployeeDetails.controller.js": 1698942070000,
  "controller/App.controller.js": 1697460504000,
  "Component.js": 1697201092000,
  "Component-preload.js": 1705052226619,
  "controller/calendar-dbg.controller.js": 1703096578000,
  "model/formatter-dbg.js": 1697478584000,
  "controller/reportschart-dbg.controller.js": 1698323874000,
  "controller/reports-dbg.controller.js": 1703093726000,
  "controller/myplans-dbg.controller.js": 1697648986000,
  "controller/myEntries-dbg.controller.js": 1704898044000,
  "controller/myEntries.controller copy-dbg.js": 1699294240000,
  "controller/leave-dbg.controller.js": 1704898308000,
  "controller/leave.controller copy-dbg.js": 1698756242000,
  "model/models-dbg.js": 1697201092000,
  "controller/calendar.controller copy-dbg.js": 1699037828000,
  "controller/admin-dbg.controller.js": 1701366650000,
  "controller/EmployeeDetails-dbg.controller.js": 1698942070000,
  "controller/App-dbg.controller.js": 1697460504000,
  "Component-dbg.js": 1697201092000,
  "view/Fragments/profile.fragment.xml": 1698940646000,
  "view/Fragments/myEntries.fragment.xml": 1704894236000,
  "view/Fragments/leaves.fragment.xml": 1701189052000,
  "view/Fragments/leaves.fragment copy.xml": 1698680470000,
  "view/Fragments/forgetPassword.fragment.xml": 1699984770000,
  "view/Fragments/Signup.fragment.xml": 1699617632000,
  "view/Fragments/Busydialog.fragment.xml": 1700140812000,
  "Images/icons/weather.png": 1697655516000,
  "Images/icons/wd-applet-reports-128.png": 1697205726000,
  "Images/icons/reset-password.png": 1698859602000,
  "Images/icons/plan-28-64.png": 1697204216000,
  "Images/icons/myentries.gif": 1699276336000,
  "Images/icons/m.png": 1697214124000,
  "Images/icons/m (1).png": 1697462368000,
  "Images/icons/leave.png": 1697484518000,
  "Images/icons/leave-1.png": 1697484892000,
  "Images/icons/homepagescrren1.jpg": 1698848420000,
  "i18n/i18n.properties": 1697201092000,
  "Images/icons/forgetimages1.jpg": 1698859386000,
  "Images/icons/forgetPasswordImg.gif": 1698846890000,
  "Images/icons/fb_icon_325x325.png": 1697462368000,
  "Images/icons/employees.jpg": 1697223452000,
  "Images/icons/datelogo.png": 1697203832000,
  "Images/icons/data-entry-1-128.png": 1697204494000,
  "Images/icons/corporate.avif": 1697479010000,
  "Images/icons/calendar2.png": 1700675532000,
  "Images/icons/calendar1.gif": 1699023660000,
  "Images/icons/calendar.gif": 1699023148000,
  "Images/icons/buttons-google-play-apple-store-download-application-isolated-vector-button-mobile-phone-ios-windows-microsoft-android-app-196482624.webp": 1697462370000,
  "Images/icons/Holiday.jpg": 1699023934000,
  "Images/icons/Google-Play-Embleme.png": 1697462370000,
  "Images/icons/Badgebytes.png": 1700676398000,
  "Images/icons/360_F_558068185_sZmfyrWuzHTfzLdwJuj1ALQcBtbKAtbA.jpg": 1699359024000,
  "view/reportschart.view.xml": 1698324496000,
  "view/reports.view.xml": 1699615212000,
  "view/myplans.view.xml": 1697730490000,
  "view/myEntries.view.xml": 1703344908000,
  "view/myEntries.view copy.xml": 1699358280000,
  "view/leave.view.xml": 1703095290000,
  "view/leave.view copy.xml": 1698778496000,
  "view/calendar.view.xml": 1701283290000,
  "view/admin.view.xml": 1701369788000,
  "view/Planner.fragment.xml": 1697548746000,
  "view/EmployeeDetails.view.xml": 1702642700000,
  "view/Details.fragment.xml": 1697648768000,
  "view/App.view.xml": 1701357366000,
  "css/style.css": 1701280666000,
  "index.html": 1697215398000
}